-- Generated by scripts/migrate-neon-to-d1.mjs
-- Auto-applied via `wrangler d1 execute photoblog --remote --file=...`
-- Re-runnable: every INSERT carries ON CONFLICT DO NOTHING.
PRAGMA foreign_keys = OFF;
-- users: 1 row
INSERT INTO users (id, github_id, github_login, email, created_at) VALUES ('c3796005-1fa9-4e1c-825f-3b2d40961008', '49126861', 'hoavo1490', 'hoavo1490@gmail.com', '2026-06-14T15:28:57.542Z') ON CONFLICT DO NOTHING;
-- sites: 1 row
INSERT INTO sites (id, slug, name, custom_domain, created_at) VALUES ('2bd96ee4-4334-4210-a8ce-c021649001a1', 'rio', 'hoavv', 'hoavv.com', '2026-06-14T15:28:57.542Z') ON CONFLICT DO NOTHING;
-- site_members: 1 row
INSERT INTO site_members (site_id, user_id, role, added_at) VALUES ('2bd96ee4-4334-4210-a8ce-c021649001a1', 'c3796005-1fa9-4e1c-825f-3b2d40961008', 'owner', '2026-06-14T15:28:57.542Z') ON CONFLICT DO NOTHING;
-- site_domain_history: 1 row
INSERT INTO site_domain_history (id, site_id, old_domain, changed_at) VALUES ('cc8d3b5e-18b1-4460-b5e7-c207528de677', '2bd96ee4-4334-4210-a8ce-c021649001a1', 'photoblog.hoavo-dng.workers.dev', '2026-06-15T04:17:38.137Z') ON CONFLICT DO NOTHING;
-- tags: 7 rows
INSERT INTO tags (id, site_id, slug, name) VALUES ('0e538076-f7d5-45e7-a98c-80d9bc55bb1f', '2bd96ee4-4334-4210-a8ce-c021649001a1', 'ninhthuan', 'ninhthuan') ON CONFLICT DO NOTHING;
INSERT INTO tags (id, site_id, slug, name) VALUES ('2f4a88c1-ad5b-4968-97ed-697fdd9a4890', '2bd96ee4-4334-4210-a8ce-c021649001a1', 'roadtrip', 'roadtrip') ON CONFLICT DO NOTHING;
INSERT INTO tags (id, site_id, slug, name) VALUES ('40f39667-93fa-460a-ad2f-bca3c3f8bbef', '2bd96ee4-4334-4210-a8ce-c021649001a1', 'bw', 'bw') ON CONFLICT DO NOTHING;
INSERT INTO tags (id, site_id, slug, name) VALUES ('aad279fa-073f-4223-b4f0-a5e2cb4a9ffb', '2bd96ee4-4334-4210-a8ce-c021649001a1', 'photography', 'photography') ON CONFLICT DO NOTHING;
INSERT INTO tags (id, site_id, slug, name) VALUES ('d74961d5-9e60-4c31-a5bf-0a4abd591f95', '2bd96ee4-4334-4210-a8ce-c021649001a1', 'taipei', 'taipei') ON CONFLICT DO NOTHING;
INSERT INTO tags (id, site_id, slug, name) VALUES ('dd8382b2-b53d-4032-ba95-d3164958eed2', '2bd96ee4-4334-4210-a8ce-c021649001a1', 'kl', 'kl') ON CONFLICT DO NOTHING;
INSERT INTO tags (id, site_id, slug, name) VALUES ('f0554d1a-b8f8-4c3b-8dda-5d38d03fc685', '2bd96ee4-4334-4210-a8ce-c021649001a1', 'sontra', 'sontra') ON CONFLICT DO NOTHING;
-- images: 40 rows
INSERT INTO images (id, site_id, r2_key, original_name, size_bytes, width, height, uploaded_by, uploaded_at, variant_widths, has_avif) VALUES ('02798fb2-2131-4d8b-9656-7b6c9cd13fe5', '2bd96ee4-4334-4210-a8ce-c021649001a1', '2bd96ee4-4334-4210-a8ce-c021649001a1/2026/06/16/554dab394c5d6f5d-1000045608-2400w.jpg', '1000045608.2400w.jpg', 258081, 2400, 1600, 'c3796005-1fa9-4e1c-825f-3b2d40961008', '2026-06-16T07:21:19.516Z', '[400,800,1200,1600]', 0) ON CONFLICT DO NOTHING;
INSERT INTO images (id, site_id, r2_key, original_name, size_bytes, width, height, uploaded_by, uploaded_at, variant_widths, has_avif) VALUES ('090711a2-0979-4031-87eb-edecf1811715', '2bd96ee4-4334-4210-a8ce-c021649001a1', '2bd96ee4-4334-4210-a8ce-c021649001a1/2026/06/15/791a558608075dd1-a240776a-4ec3-4f60-8ba6-6377a80c7fac-carbongpt-logo-200w.jpg', 'a240776a-4ec3-4f60-8ba6-6377a80c7fac-carbongpt_logo.200w.jpg', 5347, 200, 200, 'c3796005-1fa9-4e1c-825f-3b2d40961008', '2026-06-15T07:42:53.938Z', '[]', 0) ON CONFLICT DO NOTHING;
INSERT INTO images (id, site_id, r2_key, original_name, size_bytes, width, height, uploaded_by, uploaded_at, variant_widths, has_avif) VALUES ('0a4def65-8c9f-4f4b-a5ab-161fffa127fe', '2bd96ee4-4334-4210-a8ce-c021649001a1', '2bd96ee4-4334-4210-a8ce-c021649001a1/2026/06/18/2fd739bed555e4cd-1000045646-2400w.jpg', '1000045646.2400w.jpg', 519069, 2400, 1600, 'c3796005-1fa9-4e1c-825f-3b2d40961008', '2026-06-18T03:30:51.020Z', '[400,800,1200,1600]', 0) ON CONFLICT DO NOTHING;
INSERT INTO images (id, site_id, r2_key, original_name, size_bytes, width, height, uploaded_by, uploaded_at, variant_widths, has_avif) VALUES ('1208abf5-a901-47ee-a3ce-852b67872a17', '2bd96ee4-4334-4210-a8ce-c021649001a1', '2bd96ee4-4334-4210-a8ce-c021649001a1/2026/06/18/fb0f2eb8dc58519e-1000045250-1600w.webp', '1000045250.1600w.webp', 466638, 1600, 2134, 'c3796005-1fa9-4e1c-825f-3b2d40961008', '2026-06-18T17:45:08.685Z', '[400,800]', 0) ON CONFLICT DO NOTHING;
INSERT INTO images (id, site_id, r2_key, original_name, size_bytes, width, height, uploaded_by, uploaded_at, variant_widths, has_avif) VALUES ('124c647a-8bd1-4311-85a0-663bdb7d8a93', '2bd96ee4-4334-4210-a8ce-c021649001a1', '2bd96ee4-4334-4210-a8ce-c021649001a1/2026/06/14/22b2f6cc-1000045327-1600w.jpg', '1000045327.1600w.jpg', 488355, 1600, 2134, 'c3796005-1fa9-4e1c-825f-3b2d40961008', '2026-06-14T19:44:24.996Z', '[400,800,1200]', 1) ON CONFLICT DO NOTHING;
INSERT INTO images (id, site_id, r2_key, original_name, size_bytes, width, height, uploaded_by, uploaded_at, variant_widths, has_avif) VALUES ('15117ace-8795-443e-8d95-a8e657add148', '2bd96ee4-4334-4210-a8ce-c021649001a1', '2bd96ee4-4334-4210-a8ce-c021649001a1/2026/06/14/f99692ee-1000045309-1600w.jpg', '1000045309.1600w.jpg', 312711, 1600, 1200, 'c3796005-1fa9-4e1c-825f-3b2d40961008', '2026-06-14T19:44:40.403Z', '[400,800,1200]', 1) ON CONFLICT DO NOTHING;
INSERT INTO images (id, site_id, r2_key, original_name, size_bytes, width, height, uploaded_by, uploaded_at, variant_widths, has_avif) VALUES ('1cfafc83-7017-431a-80d6-5e282a832fc3', '2bd96ee4-4334-4210-a8ce-c021649001a1', '2bd96ee4-4334-4210-a8ce-c021649001a1/2026/06/17/20621ef588086800-1d3bca18707e4fc19bd0ad5dd48680a7-400w.jpg', '1D3BCA18707E4FC19BD0AD5DD48680A7.400w.jpg', 23590, 400, 400, 'c3796005-1fa9-4e1c-825f-3b2d40961008', '2026-06-17T15:50:08.616Z', '[]', 0) ON CONFLICT DO NOTHING;
INSERT INTO images (id, site_id, r2_key, original_name, size_bytes, width, height, uploaded_by, uploaded_at, variant_widths, has_avif) VALUES ('23948137-ed98-4036-a08d-64712a4ae4e3', '2bd96ee4-4334-4210-a8ce-c021649001a1', '2bd96ee4-4334-4210-a8ce-c021649001a1/2026/06/18/d850d34018c508c7-1000045252-1600w.webp', '1000045252.1600w.webp', 253002, 1600, 1200, 'c3796005-1fa9-4e1c-825f-3b2d40961008', '2026-06-18T17:45:10.369Z', '[400,800]', 0) ON CONFLICT DO NOTHING;
INSERT INTO images (id, site_id, r2_key, original_name, size_bytes, width, height, uploaded_by, uploaded_at, variant_widths, has_avif) VALUES ('270bed37-68d8-42ed-9160-20c337aff032', '2bd96ee4-4334-4210-a8ce-c021649001a1', '2bd96ee4-4334-4210-a8ce-c021649001a1/2026/06/14/537c12ea-1000045244-1600w.jpg', '1000045244.1600w.jpg', 546277, 1600, 2133, 'c3796005-1fa9-4e1c-825f-3b2d40961008', '2026-06-14T18:10:45.240Z', '[400,800,1200]', 1) ON CONFLICT DO NOTHING;
INSERT INTO images (id, site_id, r2_key, original_name, size_bytes, width, height, uploaded_by, uploaded_at, variant_widths, has_avif) VALUES ('36eb395a-f4d8-497f-917c-9eb98f796645', '2bd96ee4-4334-4210-a8ce-c021649001a1', '2bd96ee4-4334-4210-a8ce-c021649001a1/2026/06/18/9a92278676a0e8ad-1000045647-2400w.jpg', '1000045647.2400w.jpg', 493794, 2400, 3601, 'c3796005-1fa9-4e1c-825f-3b2d40961008', '2026-06-18T03:30:54.991Z', '[400,800,1200,1600]', 0) ON CONFLICT DO NOTHING;
INSERT INTO images (id, site_id, r2_key, original_name, size_bytes, width, height, uploaded_by, uploaded_at, variant_widths, has_avif) VALUES ('3790b233-3c9f-4d9d-89d5-b03e8c905ed8', '2bd96ee4-4334-4210-a8ce-c021649001a1', '2bd96ee4-4334-4210-a8ce-c021649001a1/2026/06/14/54e6ae9d-1000045321-1600w.jpg', '1000045321.1600w.jpg', 257476, 1600, 1200, 'c3796005-1fa9-4e1c-825f-3b2d40961008', '2026-06-14T19:44:33.838Z', '[400,800,1200]', 1) ON CONFLICT DO NOTHING;
INSERT INTO images (id, site_id, r2_key, original_name, size_bytes, width, height, uploaded_by, uploaded_at, variant_widths, has_avif) VALUES ('38fbe2cb-0edf-4b1c-98c7-7b3c9c2e80e5', '2bd96ee4-4334-4210-a8ce-c021649001a1', '2bd96ee4-4334-4210-a8ce-c021649001a1/2026/06/14/8428992a-1000045239-1600w.jpg', '1000045239.1600w.jpg', 273906, 1600, 1200, 'c3796005-1fa9-4e1c-825f-3b2d40961008', '2026-06-14T18:10:47.612Z', '[400,800,1200]', 1) ON CONFLICT DO NOTHING;
INSERT INTO images (id, site_id, r2_key, original_name, size_bytes, width, height, uploaded_by, uploaded_at, variant_widths, has_avif) VALUES ('3ed6dda5-d529-416e-963b-3c14c50d5424', '2bd96ee4-4334-4210-a8ce-c021649001a1', '2bd96ee4-4334-4210-a8ce-c021649001a1/2026/06/14/c64626de-1000045242-1600w.jpg', '1000045242.1600w.jpg', 304741, 1600, 1200, 'c3796005-1fa9-4e1c-825f-3b2d40961008', '2026-06-14T18:10:42.281Z', '[400,800,1200]', 1) ON CONFLICT DO NOTHING;
INSERT INTO images (id, site_id, r2_key, original_name, size_bytes, width, height, uploaded_by, uploaded_at, variant_widths, has_avif) VALUES ('3f26f0b7-6b9b-4476-9892-af029acb47fb', '2bd96ee4-4334-4210-a8ce-c021649001a1', '2bd96ee4-4334-4210-a8ce-c021649001a1/2026/06/14/36289e94-1000045326-1600w.jpg', '1000045326.1600w.jpg', 333544, 1600, 2134, 'c3796005-1fa9-4e1c-825f-3b2d40961008', '2026-06-14T19:44:15.175Z', '[400,800,1200]', 1) ON CONFLICT DO NOTHING;
INSERT INTO images (id, site_id, r2_key, original_name, size_bytes, width, height, uploaded_by, uploaded_at, variant_widths, has_avif) VALUES ('3fa4f5e9-6d26-46bb-bdd9-6387cab00a29', '2bd96ee4-4334-4210-a8ce-c021649001a1', '2bd96ee4-4334-4210-a8ce-c021649001a1/2026/06/14/897c3599-1000045317-1600w.jpg', '1000045317.1600w.jpg', 440429, 1600, 2133, 'c3796005-1fa9-4e1c-825f-3b2d40961008', '2026-06-14T19:44:18.058Z', '[400,800,1200]', 1) ON CONFLICT DO NOTHING;
INSERT INTO images (id, site_id, r2_key, original_name, size_bytes, width, height, uploaded_by, uploaded_at, variant_widths, has_avif) VALUES ('44eb5692-e618-4bd4-ba31-e473a2d260a1', '2bd96ee4-4334-4210-a8ce-c021649001a1', '2bd96ee4-4334-4210-a8ce-c021649001a1/2026/06/14/f551b1d0-1000045324-1600w.jpg', '1000045324.1600w.jpg', 107924, 1600, 1200, 'c3796005-1fa9-4e1c-825f-3b2d40961008', '2026-06-14T19:44:27.191Z', '[400,800,1200]', 1) ON CONFLICT DO NOTHING;
INSERT INTO images (id, site_id, r2_key, original_name, size_bytes, width, height, uploaded_by, uploaded_at, variant_widths, has_avif) VALUES ('4d08cb4c-e866-49e5-9220-ff479821c707', '2bd96ee4-4334-4210-a8ce-c021649001a1', '2bd96ee4-4334-4210-a8ce-c021649001a1/2026/06/14/c579cbc0-1000045237-1600w.jpg', '1000045237.1600w.jpg', 340305, 1600, 1200, 'c3796005-1fa9-4e1c-825f-3b2d40961008', '2026-06-14T18:10:52.993Z', '[400,800,1200]', 1) ON CONFLICT DO NOTHING;
INSERT INTO images (id, site_id, r2_key, original_name, size_bytes, width, height, uploaded_by, uploaded_at, variant_widths, has_avif) VALUES ('4f4b1dbe-dd67-4219-903e-fa7e3cfda540', '2bd96ee4-4334-4210-a8ce-c021649001a1', '2bd96ee4-4334-4210-a8ce-c021649001a1/2026/06/21/6f297d714a3740aa-1000045845-1600w.webp', '1000045845.1600w.webp', 678580, 1600, 2133, 'c3796005-1fa9-4e1c-825f-3b2d40961008', '2026-06-21T04:32:57.454Z', '[400,800]', 0) ON CONFLICT DO NOTHING;
INSERT INTO images (id, site_id, r2_key, original_name, size_bytes, width, height, uploaded_by, uploaded_at, variant_widths, has_avif) VALUES ('59c81f74-b041-416e-9b81-3589a72f6520', '2bd96ee4-4334-4210-a8ce-c021649001a1', '2bd96ee4-4334-4210-a8ce-c021649001a1/2026/06/14/0f61f114-1000045306-1600w.jpg', '1000045306.1600w.jpg', 311366, 1600, 2134, 'c3796005-1fa9-4e1c-825f-3b2d40961008', '2026-06-14T19:44:42.377Z', '[400,800,1200]', 1) ON CONFLICT DO NOTHING;
INSERT INTO images (id, site_id, r2_key, original_name, size_bytes, width, height, uploaded_by, uploaded_at, variant_widths, has_avif) VALUES ('5b8473f7-2466-40eb-b8d9-2a2f9ab6f7aa', '2bd96ee4-4334-4210-a8ce-c021649001a1', '2bd96ee4-4334-4210-a8ce-c021649001a1/2026/06/14/d658d4cd-1000045225-ueku0.jpg', '1000045225-ueku0.jpg', 211464, 1600, 1200, 'c3796005-1fa9-4e1c-825f-3b2d40961008', '2026-06-14T15:36:01.267Z', '[400,800,1200]', 1) ON CONFLICT DO NOTHING;
INSERT INTO images (id, site_id, r2_key, original_name, size_bytes, width, height, uploaded_by, uploaded_at, variant_widths, has_avif) VALUES ('6072ea9b-d41c-48c2-a0ef-84ec7532aafc', '2bd96ee4-4334-4210-a8ce-c021649001a1', '2bd96ee4-4334-4210-a8ce-c021649001a1/2026/06/14/eded0b67-1000045240-1600w.jpg', '1000045240.1600w.jpg', 916947, 1600, 2134, 'c3796005-1fa9-4e1c-825f-3b2d40961008', '2026-06-14T18:10:39.813Z', '[400,800,1200]', 1) ON CONFLICT DO NOTHING;
INSERT INTO images (id, site_id, r2_key, original_name, size_bytes, width, height, uploaded_by, uploaded_at, variant_widths, has_avif) VALUES ('696150a7-dd35-453e-870a-cd3699fe2485', '2bd96ee4-4334-4210-a8ce-c021649001a1', '2bd96ee4-4334-4210-a8ce-c021649001a1/2026/06/14/e9c8c2eb-1000045223-ucwd5.jpg', '1000045223-ucwd5.jpg', 301191, 1600, 1200, 'c3796005-1fa9-4e1c-825f-3b2d40961008', '2026-06-14T15:35:57.750Z', '[400,800,1200]', 1) ON CONFLICT DO NOTHING;
INSERT INTO images (id, site_id, r2_key, original_name, size_bytes, width, height, uploaded_by, uploaded_at, variant_widths, has_avif) VALUES ('6e06bcdf-2ae8-4330-ad1d-dcd365ce1ed8', '2bd96ee4-4334-4210-a8ce-c021649001a1', '2bd96ee4-4334-4210-a8ce-c021649001a1/2026/06/14/1bec271e-1000045304-1600w.jpg', '1000045304.1600w.jpg', 329099, 1600, 2134, 'c3796005-1fa9-4e1c-825f-3b2d40961008', '2026-06-14T19:44:44.364Z', '[400,800,1200]', 1) ON CONFLICT DO NOTHING;
INSERT INTO images (id, site_id, r2_key, original_name, size_bytes, width, height, uploaded_by, uploaded_at, variant_widths, has_avif) VALUES ('7e3fc1ed-4479-4673-9885-4bc7e1bb3b58', '2bd96ee4-4334-4210-a8ce-c021649001a1', '2bd96ee4-4334-4210-a8ce-c021649001a1/2026/06/14/9f804430-1000045329-1600w.jpg', '1000045329.1600w.jpg', 508818, 1600, 2134, 'c3796005-1fa9-4e1c-825f-3b2d40961008', '2026-06-14T19:44:30.131Z', '[400,800,1200]', 1) ON CONFLICT DO NOTHING;
INSERT INTO images (id, site_id, r2_key, original_name, size_bytes, width, height, uploaded_by, uploaded_at, variant_widths, has_avif) VALUES ('85aa30cb-aa6c-4ba2-92fa-4c493797ef00', '2bd96ee4-4334-4210-a8ce-c021649001a1', '2bd96ee4-4334-4210-a8ce-c021649001a1/2026/06/14/32d6bc2f-1000045315-1600w.jpg', '1000045315.1600w.jpg', 460921, 1600, 2133, 'c3796005-1fa9-4e1c-825f-3b2d40961008', '2026-06-14T19:44:21.489Z', '[400,800,1200]', 1) ON CONFLICT DO NOTHING;
INSERT INTO images (id, site_id, r2_key, original_name, size_bytes, width, height, uploaded_by, uploaded_at, variant_widths, has_avif) VALUES ('8b634f59-62d1-411a-99b3-48ffa6551434', '2bd96ee4-4334-4210-a8ce-c021649001a1', '2bd96ee4-4334-4210-a8ce-c021649001a1/2026/06/14/9b95fe57-1000045078-f08ko.jpg', '1000045078-f08ko.jpg', 329424, 1200, 1600, 'c3796005-1fa9-4e1c-825f-3b2d40961008', '2026-06-14T15:35:55.407Z', '[400,800]', 1) ON CONFLICT DO NOTHING;
INSERT INTO images (id, site_id, r2_key, original_name, size_bytes, width, height, uploaded_by, uploaded_at, variant_widths, has_avif) VALUES ('915f3e2f-008d-4f3e-9129-226dbd0830b1', '2bd96ee4-4334-4210-a8ce-c021649001a1', '2bd96ee4-4334-4210-a8ce-c021649001a1/2026/06/18/433a40bd3590fe43-1000045648-2400w.jpg', '1000045648.2400w.jpg', 862850, 2400, 3600, 'c3796005-1fa9-4e1c-825f-3b2d40961008', '2026-06-18T03:31:01.517Z', '[400,800,1200,1600]', 0) ON CONFLICT DO NOTHING;
INSERT INTO images (id, site_id, r2_key, original_name, size_bytes, width, height, uploaded_by, uploaded_at, variant_widths, has_avif) VALUES ('a600569f-b2ca-4fcf-abad-88ecc79e4f34', '2bd96ee4-4334-4210-a8ce-c021649001a1', '2bd96ee4-4334-4210-a8ce-c021649001a1/2026/06/18/1ab4f210239bfc81-1000045650-2400w.jpg', '1000045650.2400w.jpg', 1097217, 2400, 3600, 'c3796005-1fa9-4e1c-825f-3b2d40961008', '2026-06-18T03:31:12.711Z', '[400,800,1200,1600]', 0) ON CONFLICT DO NOTHING;
INSERT INTO images (id, site_id, r2_key, original_name, size_bytes, width, height, uploaded_by, uploaded_at, variant_widths, has_avif) VALUES ('aa8c9d82-5aee-4c64-8626-c5abc01582ac', '2bd96ee4-4334-4210-a8ce-c021649001a1', '2bd96ee4-4334-4210-a8ce-c021649001a1/2026/06/18/c31a68e8ae375c9f-1000045649-2400w.jpg', '1000045649.2400w.jpg', 854647, 2400, 3600, 'c3796005-1fa9-4e1c-825f-3b2d40961008', '2026-06-18T03:31:06.673Z', '[400,800,1200,1600]', 0) ON CONFLICT DO NOTHING;
INSERT INTO images (id, site_id, r2_key, original_name, size_bytes, width, height, uploaded_by, uploaded_at, variant_widths, has_avif) VALUES ('abddb973-5196-461d-a222-7dce58341723', '2bd96ee4-4334-4210-a8ce-c021649001a1', '2bd96ee4-4334-4210-a8ce-c021649001a1/2026/06/14/dedf1365-1000045235-1600w.jpg', '1000045235.1600w.jpg', 454170, 1600, 1200, 'c3796005-1fa9-4e1c-825f-3b2d40961008', '2026-06-14T18:05:53.096Z', '[400,800,1200]', 1) ON CONFLICT DO NOTHING;
INSERT INTO images (id, site_id, r2_key, original_name, size_bytes, width, height, uploaded_by, uploaded_at, variant_widths, has_avif) VALUES ('ac774313-b24a-46e3-bfd0-ea35011bbd29', '2bd96ee4-4334-4210-a8ce-c021649001a1', '2bd96ee4-4334-4210-a8ce-c021649001a1/2026/06/21/2f9ea9b1ed2593aa-1000046057-800w.webp', '1000046057.800w.webp', 150998, 800, 800, 'c3796005-1fa9-4e1c-825f-3b2d40961008', '2026-06-21T15:25:01.739Z', '[400]', 0) ON CONFLICT DO NOTHING;
INSERT INTO images (id, site_id, r2_key, original_name, size_bytes, width, height, uploaded_by, uploaded_at, variant_widths, has_avif) VALUES ('b04f68dd-a610-4784-9c85-a49a25378af9', '2bd96ee4-4334-4210-a8ce-c021649001a1', '2bd96ee4-4334-4210-a8ce-c021649001a1/2026/06/14/2c25c625-1000045234-1600w.jpg', '1000045234.1600w.jpg', 432348, 1600, 1200, 'c3796005-1fa9-4e1c-825f-3b2d40961008', '2026-06-14T18:10:50.674Z', '[400,800,1200]', 1) ON CONFLICT DO NOTHING;
INSERT INTO images (id, site_id, r2_key, original_name, size_bytes, width, height, uploaded_by, uploaded_at, variant_widths, has_avif) VALUES ('b5ce2c92-bf3c-40ba-a8cb-88e3e2ac5dc3', '2bd96ee4-4334-4210-a8ce-c021649001a1', '2bd96ee4-4334-4210-a8ce-c021649001a1/2026/06/14/d2e5e11a-1000045331-1600w.jpg', '1000045331.1600w.jpg', 612279, 1600, 2133, 'c3796005-1fa9-4e1c-825f-3b2d40961008', '2026-06-14T19:44:38.057Z', '[400,800,1200]', 1) ON CONFLICT DO NOTHING;
INSERT INTO images (id, site_id, r2_key, original_name, size_bytes, width, height, uploaded_by, uploaded_at, variant_widths, has_avif) VALUES ('b7a1503e-526a-40d3-a64b-6834ce9135f7', '2bd96ee4-4334-4210-a8ce-c021649001a1', '2bd96ee4-4334-4210-a8ce-c021649001a1/2026/06/16/51c9e40bbc9fa8be-1000045605-2400w.jpg', '1000045605.2400w.jpg', 559667, 2400, 3200, 'c3796005-1fa9-4e1c-825f-3b2d40961008', '2026-06-16T08:29:21.754Z', '[400,800,1200,1600]', 0) ON CONFLICT DO NOTHING;
INSERT INTO images (id, site_id, r2_key, original_name, size_bytes, width, height, uploaded_by, uploaded_at, variant_widths, has_avif) VALUES ('bd5f9b0c-6b5c-44ee-b90b-dd4aaf39d600', '2bd96ee4-4334-4210-a8ce-c021649001a1', '2bd96ee4-4334-4210-a8ce-c021649001a1/2026/06/14/192154a8-1000045224-ueilb.jpg', '1000045224-ueilb.jpg', 199869, 1600, 1200, 'c3796005-1fa9-4e1c-825f-3b2d40961008', '2026-06-14T15:35:59.577Z', '[400,800,1200]', 1) ON CONFLICT DO NOTHING;
INSERT INTO images (id, site_id, r2_key, original_name, size_bytes, width, height, uploaded_by, uploaded_at, variant_widths, has_avif) VALUES ('cfd144fe-e42e-4a84-a01a-4665e9a7aeb2', '2bd96ee4-4334-4210-a8ce-c021649001a1', '2bd96ee4-4334-4210-a8ce-c021649001a1/2026/06/14/20342af9-1000045319-1600w.jpg', '1000045319.1600w.jpg', 310567, 1600, 1200, 'c3796005-1fa9-4e1c-825f-3b2d40961008', '2026-06-14T19:44:32.042Z', '[400,800,1200]', 1) ON CONFLICT DO NOTHING;
INSERT INTO images (id, site_id, r2_key, original_name, size_bytes, width, height, uploaded_by, uploaded_at, variant_widths, has_avif) VALUES ('d0fa1874-e312-4a4f-b618-1c3854fb3842', '2bd96ee4-4334-4210-a8ce-c021649001a1', '2bd96ee4-4334-4210-a8ce-c021649001a1/2026/06/18/78de19a4c719faf5-1000045251-1600w.webp', '1000045251.1600w.webp', 148728, 1600, 1200, 'c3796005-1fa9-4e1c-825f-3b2d40961008', '2026-06-18T17:45:11.830Z', '[400,800]', 0) ON CONFLICT DO NOTHING;
INSERT INTO images (id, site_id, r2_key, original_name, size_bytes, width, height, uploaded_by, uploaded_at, variant_widths, has_avif) VALUES ('d6dec809-9bcd-4030-829c-2e10ce230fbd', '2bd96ee4-4334-4210-a8ce-c021649001a1', '2bd96ee4-4334-4210-a8ce-c021649001a1/2026/06/17/2fd739bed555e4cd-1000045646-2400w.jpg', '1000045646.2400w.jpg', 519069, 2400, 1600, 'c3796005-1fa9-4e1c-825f-3b2d40961008', '2026-06-17T17:16:35.727Z', '[400,800,1200,1600]', 0) ON CONFLICT DO NOTHING;
INSERT INTO images (id, site_id, r2_key, original_name, size_bytes, width, height, uploaded_by, uploaded_at, variant_widths, has_avif) VALUES ('dae239c4-c11c-4ddf-94cf-4aaf0f194965', '2bd96ee4-4334-4210-a8ce-c021649001a1', '2bd96ee4-4334-4210-a8ce-c021649001a1/2026/06/17/d67986a735148545-0266554465-800w.jpg', '0266554465.800w.jpg', 52300, 800, 534, 'c3796005-1fa9-4e1c-825f-3b2d40961008', '2026-06-17T15:50:09.508Z', '[400]', 0) ON CONFLICT DO NOTHING;
INSERT INTO images (id, site_id, r2_key, original_name, size_bytes, width, height, uploaded_by, uploaded_at, variant_widths, has_avif) VALUES ('ddd3c812-0cf0-4f54-b5ad-90b40e12e9f1', '2bd96ee4-4334-4210-a8ce-c021649001a1', '2bd96ee4-4334-4210-a8ce-c021649001a1/2026/06/14/a61dca1a-a240776a-4ec3-4f60-8ba6-6377a80c7fac-carbongpt-logo.jpg', 'a240776a-4ec3-4f60-8ba6-6377a80c7fac-carbongpt_logo.jpg', 6070, 200, 200, 'c3796005-1fa9-4e1c-825f-3b2d40961008', '2026-06-14T16:40:07.739Z', '[]', 0) ON CONFLICT DO NOTHING;
-- posts: 5 rows
INSERT INTO posts (id, site_id, slug, title, body, cover_image_id, description, status, published_at, created_at, updated_at) VALUES ('32b5f972-806f-413b-bf34-42e18dd372f1', '2bd96ee4-4334-4210-a8ce-c021649001a1', 'dai-bac-chieu-mua-dau-nam', 'Đài Bắc, chiều mưa đầu năm mới', 'Ngày đầu năm mới 2026, đi bộ quanh Đài Bắc trong cơn mưa phùn lê thê kéo dài từ đêm giao thừa.

![](image:3fa4f5e9-6d26-46bb-bdd9-6387cab00a29)
![](image:3f26f0b7-6b9b-4476-9892-af029acb47fb)
![](image:44eb5692-e618-4bd4-ba31-e473a2d260a1)
![](image:124c647a-8bd1-4311-85a0-663bdb7d8a93)
![](image:3790b233-3c9f-4d9d-89d5-b03e8c905ed8)
![](image:cfd144fe-e42e-4a84-a01a-4665e9a7aeb2)
![](image:7e3fc1ed-4479-4673-9885-4bc7e1bb3b58)
![](image:85aa30cb-aa6c-4ba2-92fa-4c493797ef00)
![](image:b5ce2c92-bf3c-40ba-a8cb-88e3e2ac5dc3)
![](image:15117ace-8795-443e-8d95-a8e657add148)
', NULL, NULL, 'published', '2026-01-01T12:00:00.000Z', '2026-06-14T19:48:13.154Z', '2026-06-21T15:10:40.059Z') ON CONFLICT DO NOTHING;
INSERT INTO posts (id, site_id, slug, title, body, cover_image_id, description, status, published_at, created_at, updated_at) VALUES ('8ed3aec4-5167-4003-aa21-386af841c161', '2bd96ee4-4334-4210-a8ce-c021649001a1', 'kl-may-ngay-dau-nam', 'KL mấy ngày tháng Một', 'Lần 2 sang thăm anh chị em ở KL.

Lần đầu nhậu ở KL.

Lần đầu dẫn nhỏ em đi chơi xa.

Người đến, người đi, người bạn mới, người bớt thân hơn một chút. Vẫn còn vui.

![Khaf khaf](image:1208abf5-a901-47ee-a3ce-852b67872a17)

Giờ mới phát hiện cái góc hay hay này ở KLIA 1.

![](image:23948137-ed98-4036-a08d-64712a4ae4e3)

Ngột.

![](image:d0fa1874-e312-4a4f-b618-1c3854fb3842)

Đứng đợi Grab mới chợt nhận ra sau lưng mình là Bursa HQ.
', NULL, NULL, 'published', '2026-01-06T12:00:00.000Z', '2026-06-18T17:50:59.063Z', '2026-06-21T15:21:50.656Z') ON CONFLICT DO NOTHING;
INSERT INTO posts (id, site_id, slug, title, body, cover_image_id, description, status, published_at, created_at, updated_at) VALUES ('98433b20-63dc-49b0-8323-41e09c94bf52', '2bd96ee4-4334-4210-a8ce-c021649001a1', 'lang-thang-ninh-thuan', 'Lang thang Ninh Thuận', 'Ngủ nướng, kẹt xe, đồi cát, tháp Chàm.

![](image:abddb973-5196-461d-a222-7dce58341723)

Cảnh này chôm của Mai, lúc đó chỉ ngắm bằng mắt được thôi chứ đang bận lái xe rồi.

![](image:6072ea9b-d41c-48c2-a0ef-84ec7532aafc)

Hồi nhỏ mỗi lần thấy đồi cát là nghĩ đến hình ảnh trong sách giáo khoa: người phụ nữ Chăm quấn khăn, đội bình gốm trên đầu và đi giữa đồi cát mênh mông. Nhưng cảnh này cũng tượng hình không kém.

![](image:3ed6dda5-d529-416e-963b-3c14c50d5424)

Họ từng là ai, họ đã nghĩ những gì?

![](image:270bed37-68d8-42ed-9160-20c337aff032)

![](image:38fbe2cb-0edf-4b1c-98c7-7b3c9c2e80e5)

![](image:b04f68dd-a610-4784-9c85-a49a25378af9)

Thuỷ mặc.

![](image:4d08cb4c-e866-49e5-9220-ff479821c707)
', 'abddb973-5196-461d-a222-7dce58341723', NULL, 'published', '2026-05-02T12:00:00.000Z', '2026-06-14T18:11:08.033Z', '2026-06-21T15:21:33.337Z') ON CONFLICT DO NOTHING;
INSERT INTO posts (id, site_id, slug, title, body, cover_image_id, description, status, published_at, created_at, updated_at) VALUES ('bb6ae53d-3773-4ab3-9bff-2a84df4cc0f6', '2bd96ee4-4334-4210-a8ce-c021649001a1', 'hoang-hon-o-son-tra', 'hoàng hôn ở Sơn Trà', 'đi bộ chiều cuối tuần

![](image:696150a7-dd35-453e-870a-cd3699fe2485)
![](image:bd5f9b0c-6b5c-44ee-b90b-dd4aaf39d600)
![](image:5b8473f7-2466-40eb-b8d9-2a2f9ab6f7aa)
', '696150a7-dd35-453e-870a-cd3699fe2485', NULL, 'published', '2026-06-06T12:00:00.000Z', '2026-06-14T15:36:01.526Z', '2026-06-21T15:10:40.109Z') ON CONFLICT DO NOTHING;
INSERT INTO posts (id, site_id, slug, title, body, cover_image_id, description, status, published_at, created_at, updated_at) VALUES ('e9c5cef4-2618-4ef8-9cee-9ac9f5006a42', '2bd96ee4-4334-4210-a8ce-c021649001a1', 'ai-moi-la-nguoi-khai-sinh-ra-nocturne', 'Ai mới là người khai sinh ra Nocturne?', 'Nocturne (Dạ khúc) trong âm nhạc cổ điển thường gợi cho ta hình ảnh của những đêm tĩnh lặng, những nỗi niềm sầu muộn và sâu kín. Nhắc đến Nocturne, hầu như ai yêu nhạc cũng nghĩ ngay đến Frédéric Chopin.

Nhưng thực ra, người khai sinh ra thể loại tuyệt đẹp này lại là một nhạc sĩ người Ireland tên là John Field.

Về mặt cấu trúc, John Field đã định hình một chiếc "khuôn" hoàn hảo cho Dạ khúc: tay trái đệm những dải arpeggio (hợp âm rải) uốn lượn, nhịp nhàng như những gợn sóng, làm nền cho tay phải cất lên một giai điệu cantabile (du dương như giọng hát).

Chopin không tạo ra Nocturne, nhưng ông đã vay mượn định dạng ấy để đưa nó lên một đỉnh cao mới. Chopin trân trọng âm nhạc của Field đến mức ông thường xuyên dùng các bản Nocturne của người tiền bối làm bài tập cho học trò. Ông muốn mượn nhạc của Field để rèn luyện touch (kỹ thuật chạm phím), dạy họ cách làm cho tiếng đàn piano thực sự "biết hát".

Có một giai thoại khá thú vị là Field từng nhận xét âm nhạc của Chopin mang "tài năng của phòng bệnh" – ý chê nhạc của Chopin quá sầu não, ủy mị. Dù vậy, Chopin chưa bao giờ gạt bỏ di sản của Field. Ngược lại, ông đắp bồi thêm cho Nocturne những vòng hòa âm phức tạp, những nốt ornamentation (hoa mỹ) tinh xảo và một chiều sâu cảm xúc mãnh liệt mà trước đó chưa ai chạm tới.

Các bạn thử nghe một vài tác phẩm để thấy sự tiếp nối và vươn tầm tuyệt vời này nhé.

Đầu tiên, hãy nghe sự thuần khiết, êm đềm và trong vắt của người mở đường:

John Field – Nocturne No. 1 in E-flat Major

https://www.youtube.com/watch?v=3yIp6t-0lMA

Và rồi nghe bản kế thừa vô cùng nổi tiếng của Chopin, viết cùng ở giọng Mi giáng trưởng. Vẫn là nhịp điệu lượn sóng ấy, nhưng giai điệu đã trau chuốt, lãng mạn và mang một nỗi u buồn sâu thẳm hơn rất nhiều:

Chopin – Nocturne Op. 9 No. 2 in E-flat Major

https://www.youtube.com/watch?v=c2beUDDsgws

Để thấy Chopin đã dần bứt phá và thoát khỏi cái bóng của Field như thế nào, các bạn có thể nghe sự mơ màng trong bản Nocturne No. 5 của Field, rồi chuyển ngay sang bản Nocturne Op. 27 No. 2 của Chopin. Ở giai đoạn này, âm nhạc của Chopin không chỉ dừng lại ở sự êm dịu đơn thuần. Nó cuộn trào, kịch tính, lộng lẫy và mang tính triết lý sâu sắc.

John Field – Nocturne No. 5 in B-flat Major

https://www.youtube.com/watch?v=14QphtxLZ3w

Chopin – Nocturne Op. 27 No. 2 in D-flat Major

https://www.youtube.com/watch?v=CkPGi8yn4rk

Nghệ thuật luôn tĩnh lặng mà tiếp nối nhau như thế. Cần một John Field vạch ra những nét phác thảo đầu tiên trong đêm tối, và cần một thiên tài như Chopin để biến những đêm sương lạnh ấy thành một cõi mộng vĩnh hằng.
', 'ac774313-b24a-46e3-bfd0-ea35011bbd29', NULL, 'published', '2026-06-21T12:00:00.000Z', '2026-06-21T04:32:19.053Z', '2026-06-21T15:31:46.729Z') ON CONFLICT DO NOTHING;
-- post_tags: 7 rows
INSERT INTO post_tags (post_id, tag_id) VALUES ('32b5f972-806f-413b-bf34-42e18dd372f1', '40f39667-93fa-460a-ad2f-bca3c3f8bbef') ON CONFLICT DO NOTHING;
INSERT INTO post_tags (post_id, tag_id) VALUES ('32b5f972-806f-413b-bf34-42e18dd372f1', 'd74961d5-9e60-4c31-a5bf-0a4abd591f95') ON CONFLICT DO NOTHING;
INSERT INTO post_tags (post_id, tag_id) VALUES ('8ed3aec4-5167-4003-aa21-386af841c161', 'dd8382b2-b53d-4032-ba95-d3164958eed2') ON CONFLICT DO NOTHING;
INSERT INTO post_tags (post_id, tag_id) VALUES ('98433b20-63dc-49b0-8323-41e09c94bf52', '0e538076-f7d5-45e7-a98c-80d9bc55bb1f') ON CONFLICT DO NOTHING;
INSERT INTO post_tags (post_id, tag_id) VALUES ('98433b20-63dc-49b0-8323-41e09c94bf52', '2f4a88c1-ad5b-4968-97ed-697fdd9a4890') ON CONFLICT DO NOTHING;
INSERT INTO post_tags (post_id, tag_id) VALUES ('bb6ae53d-3773-4ab3-9bff-2a84df4cc0f6', 'aad279fa-073f-4223-b4f0-a5e2cb4a9ffb') ON CONFLICT DO NOTHING;
INSERT INTO post_tags (post_id, tag_id) VALUES ('bb6ae53d-3773-4ab3-9bff-2a84df4cc0f6', 'f0554d1a-b8f8-4c3b-8dda-5d38d03fc685') ON CONFLICT DO NOTHING;
-- sessions: 4 rows
INSERT INTO sessions (id, user_id, created_at, last_used_at, expires_at, revoked_at, user_agent) VALUES ('35b9eb75-70e3-441b-9e5a-9e55807efa69', 'c3796005-1fa9-4e1c-825f-3b2d40961008', '2026-06-14T18:05:03.426Z', '2026-06-14T19:48:13.857Z', '2026-07-14T18:05:03.394Z', NULL, 'Mozilla/5.0 (Linux; Android 10; K) AppleWebKit/537.36 (KHTML, like Gecko) Chrome/149.0.0.0 Mobile Safari/537.36') ON CONFLICT DO NOTHING;
INSERT INTO sessions (id, user_id, created_at, last_used_at, expires_at, revoked_at, user_agent) VALUES ('d44295ab-f961-4c4f-ace4-4a8d3ec0abfe', 'c3796005-1fa9-4e1c-825f-3b2d40961008', '2026-06-14T16:35:25.531Z', '2026-06-14T16:57:36.897Z', '2026-07-14T16:35:25.500Z', NULL, 'Mozilla/5.0 (Macintosh; Intel Mac OS X 10_15_7) AppleWebKit/537.36 (KHTML, like Gecko) Chrome/149.0.0.0 Safari/537.36') ON CONFLICT DO NOTHING;
INSERT INTO sessions (id, user_id, created_at, last_used_at, expires_at, revoked_at, user_agent) VALUES ('ef993cf0-d5d5-4b13-b25a-0e6e5c96acdb', 'c3796005-1fa9-4e1c-825f-3b2d40961008', '2026-06-15T07:32:16.311Z', '2026-06-21T15:32:16.637Z', '2026-07-15T07:32:16.282Z', NULL, 'Mozilla/5.0 (Macintosh; Intel Mac OS X 10_15_7) AppleWebKit/537.36 (KHTML, like Gecko) Chrome/149.0.0.0 Safari/537.36') ON CONFLICT DO NOTHING;
INSERT INTO sessions (id, user_id, created_at, last_used_at, expires_at, revoked_at, user_agent) VALUES ('f50623ad-97a0-4384-941c-918c3102411b', 'c3796005-1fa9-4e1c-825f-3b2d40961008', '2026-06-15T09:49:48.531Z', '2026-06-21T15:35:22.718Z', '2026-07-15T09:49:48.506Z', NULL, 'Mozilla/5.0 (Linux; Android 10; K) AppleWebKit/537.36 (KHTML, like Gecko) Chrome/149.0.0.0 Mobile Safari/537.36') ON CONFLICT DO NOTHING;
-- pages: 1 row
INSERT INTO pages (id, site_id, slug, body, updated_at) VALUES ('08ce6339-6e5d-45ad-b110-2b688c7f048f', '2bd96ee4-4334-4210-a8ce-c021649001a1', 'about', 'nothing.

email: hoavo.dng\@gmail.com
', '2026-06-15T16:03:07.143Z') ON CONFLICT DO NOTHING;
-- albums: 1 row
INSERT INTO albums (id, site_id, title, slug, description, cover_image_id, published, created_at, updated_at) VALUES ('48d119e3-057f-4974-a0d3-dcee87807e08', '2bd96ee4-4334-4210-a8ce-c021649001a1', 'trưa', 'trua', NULL, NULL, 1, '2026-06-18T03:31:14.336Z', '2026-06-18T03:31:14.336Z') ON CONFLICT DO NOTHING;
-- album_images: 5 rows
INSERT INTO album_images (id, album_id, image_id, sort_order, caption, created_at) VALUES ('00265ee9-ed32-49aa-b13c-09449f2fe7be', '48d119e3-057f-4974-a0d3-dcee87807e08', 'a600569f-b2ca-4fcf-abad-88ecc79e4f34', 4, NULL, '2026-06-18T03:31:14.389Z') ON CONFLICT DO NOTHING;
INSERT INTO album_images (id, album_id, image_id, sort_order, caption, created_at) VALUES ('157f5f77-24cd-49c8-816d-f0a4b0a9baea', '48d119e3-057f-4974-a0d3-dcee87807e08', 'aa8c9d82-5aee-4c64-8626-c5abc01582ac', 3, NULL, '2026-06-18T03:31:14.380Z') ON CONFLICT DO NOTHING;
INSERT INTO album_images (id, album_id, image_id, sort_order, caption, created_at) VALUES ('4d945b70-3efb-45cc-83e1-f5d631edae87', '48d119e3-057f-4974-a0d3-dcee87807e08', '36eb395a-f4d8-497f-917c-9eb98f796645', 1, NULL, '2026-06-18T03:31:14.365Z') ON CONFLICT DO NOTHING;
INSERT INTO album_images (id, album_id, image_id, sort_order, caption, created_at) VALUES ('767fdfcc-47ee-455e-976e-9a5633c353cf', '48d119e3-057f-4974-a0d3-dcee87807e08', '0a4def65-8c9f-4f4b-a5ab-161fffa127fe', 0, NULL, '2026-06-18T03:31:14.355Z') ON CONFLICT DO NOTHING;
INSERT INTO album_images (id, album_id, image_id, sort_order, caption, created_at) VALUES ('9a21b280-9671-4563-a651-3c87e74a0ad6', '48d119e3-057f-4974-a0d3-dcee87807e08', '915f3e2f-008d-4f3e-9129-226dbd0830b1', 2, NULL, '2026-06-18T03:31:14.372Z') ON CONFLICT DO NOTHING;
PRAGMA foreign_keys = ON;
